{
  "AWSTemplateFormatVersion": "2010-09-09",
  "Description": "Lambda layer resource stack creation using Amplify CLI",
  "Parameters": {
    "env": {
      "Type": "String"
    },
    "deploymentBucketName": {
      "Type": "String"
    },
    "s3Key": {
      "Type": "String"
    },
    "description": {
      "Type": "String",
      "Default": ""
    },
    "runtimes": {
      "Type": "List<String>"
    }
  },
  "Resources": {
    "LambdaLayerVersionaaa3bd7c": {
      "Type": "AWS::Lambda::LayerVersion",
      "Properties": {
        "CompatibleRuntimes": {
          "Ref": "runtimes"
        },
        "Content": {
          "S3Bucket": {
            "Ref": "deploymentBucketName"
          },
          "S3Key": {
            "Ref": "s3Key"
          }
        },
        "Description": {
          "Ref": "description"
        },
        "LayerName": {
          "Fn::Sub": [
            "toktikgraphqlLambdaLayer-${env}",
            {
              "env": {
                "Ref": "env"
              }
            }
          ]
        }
      },
      "DeletionPolicy": "Delete",
      "UpdateReplacePolicy": "Retain"
    },
    "LambdaLayerPermissionAwsAccounts527389837723aaa3bd7c": {
      "Type": "AWS::Lambda::LayerVersionPermission",
      "Properties": {
        "Action": "lambda:GetLayerVersion",
        "LayerVersionArn": {
          "Ref": "LambdaLayerVersionaaa3bd7c"
        },
        "Principal": "527389837723"
      }
    },
    "LambdaLayerPermissionPrivateaaa3bd7c": {
      "Type": "AWS::Lambda::LayerVersionPermission",
      "Properties": {
        "Action": "lambda:GetLayerVersion",
        "LayerVersionArn": {
          "Ref": "LambdaLayerVersionaaa3bd7c"
        },
        "Principal": {
          "Ref": "AWS::AccountId"
        }
      }
    },
    "LambdaLayerVersion782779fc": {
      "Type": "AWS::Lambda::LayerVersion",
      "Properties": {
        "CompatibleRuntimes": [
          "nodejs14.x"
        ],
        "Content": {
          "S3Bucket": {
            "Ref": "deploymentBucketName"
          },
          "S3Key": "amplify-builds/toktikgraphqlLambdaLayer-LambdaLayerVersion782779fc-build.zip"
        },
        "Description": "Updated layer version 2022-03-21T20:51:36.331Z",
        "LayerName": {
          "Fn::Sub": [
            "toktikgraphqlLambdaLayer-${env}",
            {
              "env": {
                "Ref": "env"
              }
            }
          ]
        }
      },
      "DeletionPolicy": "Delete",
      "UpdateReplacePolicy": "Retain"
    },
    "LambdaLayerPermissionAwsAccounts527389837723782779fc": {
      "Type": "AWS::Lambda::LayerVersionPermission",
      "Properties": {
        "Action": "lambda:GetLayerVersion",
        "LayerVersionArn": "arn:aws:lambda:us-west-2:527389837723:layer:toktikgraphqlLambdaLayer-staging:104",
        "Principal": "527389837723"
      }
    },
    "LambdaLayerPermissionPrivate782779fc": {
      "Type": "AWS::Lambda::LayerVersionPermission",
      "Properties": {
        "Action": "lambda:GetLayerVersion",
        "LayerVersionArn": "arn:aws:lambda:us-west-2:527389837723:layer:toktikgraphqlLambdaLayer-staging:104",
        "Principal": {
          "Ref": "AWS::AccountId"
        }
      }
    }
  },
  "Outputs": {
    "Arn": {
      "Value": {
        "Ref": "LambdaLayerVersionaaa3bd7c"
      }
    }
  }
}