{
  "version": 1,
  "serviceConfiguration": {
    "serviceName": "AppSync",
    "defaultAuthType": {
      "mode": "API_KEY",
      "keyDescription": "api key description",
      "expirationTime": 30
    },
    "additionalAuthTypes": [
      {
        "mode": "AWS_IAM"
      }
    ],
    "conflictResolution": {
      "defaultResolutionStrategy": {
        "type": "AUTOMERGE"
      }
    },
    "apiName": "toktik",
    "gqlSchemaPath": "/tmp/amplify-2bcdac7e-a796-4453-a24d-f5b52dfd12a7/amplify/backend/api/toktik/schema.graphql"
  }
}