{
  "version": "1",
  "cognitoConfig": {
    "authSelections": "identityPoolAndUserPool",
    "requiredAttributes": [
      "email"
    ],
    "resourceName": "toktikf7d4ff65",
    "serviceName": "Cognito",
    "useDefault": "default",
    "userpoolClientReadAttributes": [
      "email"
    ],
    "userpoolClientWriteAttributes": [
      "email"
    ],
    "aliasAttributes": [
      "email",
      "preferred_username",
      "phone_number"
    ],
    "resourceNameTruncated": "toktikf7d4ff65",
    "sharedId": "f7d4ff65",
    "userPoolGroupList": [],
    "userPoolName": "toktikf7d4ff65_userpool_f7d4ff65",
    "usernameCaseSensitive": false,
    "userpoolClientRefreshTokenValidity": 30,
    "userpoolClientSetAttributes": false,
    "userpoolClientGenerateSecret": false,
    "userpoolClientLambdaRole": "toktikf7d4ff65_userpoolclient_lambda_role",
    "passwordPolicyCharacters": [],
    "passwordPolicyMinLength": 8,
    "mfaConfiguration": "OFF",
    "mfaTypes": [
      "SMS Text Message"
    ],
    "smsAuthenticationMessage": "Your authentication code is {####}",
    "emailVerificationMessage": "Your verification code is {####}",
    "emailVerificationSubject": "Your verification code",
    "smsVerificationMessage": "Your verification code is {####}",
    "autoVerifiedAttributes": [
      "email"
    ],
    "identityPoolName": "toktikf7d4ff65_identitypool_f7d4ff65",
    "allowUnauthenticatedIdentities": true
  }
}