{
  "api": {
    "toktik": {
      "service": "AppSync",
      "providerPlugin": "awscloudformation",
      "output": {
        "authConfig": {
          "defaultAuthentication": {
            "authenticationType": "API_KEY",
            "apiKeyConfig": {
              "apiKeyExpirationDays": 30,
              "description": "api key description"
            }
          },
          "additionalAuthenticationProviders": [
            {
              "authenticationType": "AWS_IAM"
            }
          ]
        }
      }
    }
  },
  "auth": {
    "toktikf7d4ff65": {
      "service": "Cognito",
      "providerPlugin": "awscloudformation",
      "dependsOn": [],
      "customAuth": false,
      "frontendAuthConfig": {
        "loginMechanisms": [
          "EMAIL",
          "PREFERRED_USERNAME",
          "PHONE_NUMBER"
        ],
        "signupAttributes": [
          "EMAIL"
        ],
        "passwordProtectionSettings": {
          "passwordPolicyMinLength": 8,
          "passwordPolicyCharacters": []
        },
        "mfaConfiguration": "OFF",
        "mfaTypes": [
          "SMS"
        ]
      }
    }
  },
  "analytics": {
    "toktik": {
      "service": "Pinpoint",
      "providerPlugin": "awscloudformation"
    }
  },
  "function": {
    "listPostExs": {
      "build": true,
      "providerPlugin": "awscloudformation",
      "service": "Lambda",
      "dependsOn": [
        {
          "category": "api",
          "resourceName": "toktik",
          "attributes": [
            "GraphQLAPIIdOutput",
            "GraphQLAPIEndpointOutput",
            "GraphQLAPIKeyOutput"
          ]
        },
        {
          "category": "function",
          "resourceName": "toktikgraphqlLambdaLayer",
          "attributes": [
            "Arn"
          ]
        }
      ]
    },
    "toktikgraphqlLambdaLayer": {
      "providerPlugin": "awscloudformation",
      "service": "LambdaLayer",
      "build": true
    },
    "likePost": {
      "build": true,
      "providerPlugin": "awscloudformation",
      "service": "Lambda",
      "dependsOn": [
        {
          "category": "function",
          "resourceName": "toktikgraphqlLambdaLayer",
          "attributes": [
            "Arn"
          ]
        },
        {
          "category": "api",
          "resourceName": "toktik",
          "attributes": [
            "GraphQLAPIIdOutput"
          ]
        }
      ]
    },
    "viewPost": {
      "build": true,
      "providerPlugin": "awscloudformation",
      "service": "Lambda",
      "dependsOn": [
        {
          "category": "api",
          "resourceName": "toktik",
          "attributes": [
            "GraphQLAPIIdOutput"
          ]
        },
        {
          "category": "function",
          "resourceName": "toktikgraphqlLambdaLayer",
          "attributes": [
            "Arn"
          ]
        }
      ]
    },
    "toolUploadPost": {
      "build": true,
      "providerPlugin": "awscloudformation",
      "service": "Lambda",
      "dependsOn": [
        {
          "category": "api",
          "resourceName": "toktik",
          "attributes": [
            "GraphQLAPIIdOutput",
            "GraphQLAPIEndpointOutput",
            "GraphQLAPIKeyOutput"
          ]
        },
        {
          "category": "storage",
          "resourceName": "s3toktikstorage55239e93",
          "attributes": [
            "BucketName"
          ]
        },
        {
          "category": "function",
          "resourceName": "toktikgraphqlLambdaLayer",
          "attributes": [
            "Arn"
          ]
        }
      ]
    }
  },
  "predictions": {
    "toktikTranscription": {
      "providerPlugin": "awscloudformation",
      "service": "Transcribe",
      "convertType": "transcription"
    }
  },
  "storage": {
    "s3toktikstorage55239e93": {
      "service": "S3",
      "providerPlugin": "awscloudformation",
      "dependsOn": []
    }
  }
}